{
  "energy": -2.1951805499916284,
  "error": -6.217248937900877e-15,
  "sequence": [
    20,
    8,
    12,
    13,
    7,
    15,
    10,
    2,
    6,
    10,
    9,
    22,
    26,
    15,
    7,
    26,
    24,
    23,
    0,
    18
  ],
  "iteration": 72,
  "gate_count": {
    "x": 4,
    "h": 132,
    "s": 19,
    "sdg": 19,
    "rz": 19,
    "cx": 94,
    "two_qubit": 94,
    "total": 287,
    "cudaq_estimate": {
      "x": 4,
      "sdg": 19,
      "h": 132,
      "cx": 94,
      "rz": 19,
      "s": 19,
      "total": 287,
      "two_qubit": 94
    }
  }
}