{
  "energy": -2.1951805499916253,
  "error": -3.1086244689504383e-15,
  "sequence": [
    3,
    14,
    11,
    1,
    10,
    6,
    14,
    15,
    19,
    4,
    2,
    20,
    9,
    16,
    19,
    3,
    3,
    12,
    16,
    5
  ],
  "iteration": 18,
  "gate_count": {
    "x": 4,
    "h": 140,
    "s": 30,
    "sdg": 30,
    "rz": 20,
    "cx": 100,
    "two_qubit": 100,
    "total": 324
  }
}