{
  "energy": -2.150179440655252,
  "error": -7.993605777301127e-15,
  "sequence": [
    1,
    10,
    17,
    12,
    13,
    19,
    11,
    13,
    4,
    6,
    20,
    2,
    12,
    17,
    18,
    2,
    0,
    16,
    16,
    4
  ],
  "iteration": 97,
  "gate_count": {
    "x": 4,
    "h": 132,
    "s": 29,
    "sdg": 29,
    "rz": 19,
    "cx": 94,
    "two_qubit": 94,
    "total": 307,
    "cudaq_estimate": {
      "x": 4,
      "sdg": 29,
      "h": 132,
      "cx": 94,
      "rz": 19,
      "s": 29,
      "total": 307,
      "two_qubit": 94
    }
  }
}