{
  "energy": -2.1951805499916253,
  "error": -2.6645352591003757e-15,
  "sequence": [
    5,
    11,
    18,
    11,
    7,
    20,
    19,
    1,
    13,
    18,
    1,
    18,
    20,
    7,
    12,
    12,
    15,
    20,
    5,
    19
  ],
  "iteration": 1,
  "gate_count": {
    "x": 4,
    "h": 124,
    "s": 32,
    "sdg": 32,
    "rz": 20,
    "cx": 84,
    "two_qubit": 84,
    "total": 296,
    "cudaq_estimate": {
      "x": 4,
      "sdg": 32,
      "h": 124,
      "cx": 84,
      "rz": 20,
      "s": 32,
      "total": 296,
      "two_qubit": 84
    }
  }
}