{
  "energy": -2.1951695798323545,
  "error": 1.0970159268541835e-05,
  "sequence": [
    9,
    18,
    2,
    0,
    17,
    24,
    6,
    3,
    11,
    15,
    12,
    21,
    20,
    19,
    10,
    15,
    7,
    6,
    4,
    26
  ],
  "iteration": 3,
  "gate_count": {
    "x": 4,
    "h": 880,
    "s": 220,
    "sdg": 220,
    "rz": 116,
    "cx": 1060,
    "two_qubit": 1060,
    "total": 2500,
    "cudaq_estimate": {
      "x": 4,
      "sdg": 220,
      "h": 880,
      "cx": 1060,
      "rz": 116,
      "s": 220,
      "total": 2500,
      "two_qubit": 1060
    }
  }
}