{
  "energy": -2.1951805499916217,
  "error": 4.884981308350689e-15,
  "sequence": [
    23,
    15,
    4,
    8,
    6,
    14,
    16,
    26,
    17,
    3,
    7,
    15,
    21,
    1,
    10,
    24,
    1,
    15,
    0,
    25
  ],
  "iteration": 3,
  "gate_count": {
    "x": 4,
    "rx": 412,
    "h": 412,
    "cx": 964,
    "rz": 110,
    "total": 1902,
    "two_qubit": 964
  }
}