{
  "energy": -2.1948187951697724,
  "error": 0.00036175482184841457,
  "sequence": [
    6,
    5,
    0,
    12,
    9,
    1,
    20,
    10,
    20,
    20,
    1,
    2,
    16,
    15,
    10,
    14,
    5,
    14,
    14,
    3
  ],
  "iteration": 0,
  "gate_count": {
    "x": 4,
    "h": 136,
    "s": 25,
    "sdg": 25,
    "rz": 19,
    "cx": 98,
    "two_qubit": 98,
    "total": 307,
    "cudaq_estimate": {
      "x": 4,
      "sdg": 25,
      "h": 136,
      "cx": 98,
      "rz": 19,
      "s": 25,
      "total": 307,
      "two_qubit": 98
    }
  }
}