{
  "energy": -2.183129188255029,
  "error": -5.329070518200751e-15,
  "sequence": [
    1,
    17,
    18,
    15,
    14,
    14,
    1,
    9,
    1,
    19,
    16,
    15,
    7,
    2,
    2,
    11,
    12,
    8,
    0,
    1
  ],
  "iteration": 59,
  "gate_count": {
    "x": 4,
    "h": 140,
    "s": 23,
    "sdg": 23,
    "rz": 19,
    "cx": 102,
    "two_qubit": 102,
    "total": 311,
    "cudaq_estimate": {
      "x": 4,
      "sdg": 23,
      "h": 140,
      "cx": 102,
      "rz": 19,
      "s": 23,
      "total": 311,
      "two_qubit": 102
    }
  }
}