{
  "energy": -2.126998149909533,
  "error": -4.440892098500626e-15,
  "sequence": [
    15,
    4,
    4,
    4,
    15,
    2,
    0,
    17,
    18,
    10,
    18,
    8,
    4,
    18,
    10,
    18,
    14,
    15,
    2,
    15
  ],
  "iteration": 2,
  "gate_count": {
    "x": 4,
    "h": 132,
    "s": 45,
    "sdg": 45,
    "rz": 19,
    "cx": 94,
    "two_qubit": 94,
    "total": 339,
    "cudaq_estimate": {
      "x": 4,
      "sdg": 45,
      "h": 132,
      "cx": 94,
      "rz": 19,
      "s": 45,
      "total": 339,
      "two_qubit": 94
    }
  }
}