{
  "energy": -2.150179440655251,
  "error": -7.105427357601002e-15,
  "sequence": [
    2,
    20,
    14,
    0,
    16,
    11,
    6,
    17,
    12,
    17,
    13,
    14,
    7,
    0,
    1,
    19,
    10,
    0,
    8,
    19
  ],
  "iteration": 4,
  "gate_count": {
    "x": 4,
    "h": 116,
    "s": 25,
    "sdg": 25,
    "rz": 17,
    "cx": 82,
    "two_qubit": 82,
    "total": 269,
    "cudaq_estimate": {
      "x": 4,
      "sdg": 25,
      "h": 116,
      "cx": 82,
      "rz": 17,
      "s": 25,
      "total": 269,
      "two_qubit": 82
    }
  }
}