{
  "energy": -2.195712227345008,
  "error": -3.9968028886505635e-15,
  "sequence": [
    4,
    4,
    1,
    11,
    10,
    6,
    13,
    19,
    0,
    18,
    16,
    11,
    19,
    17,
    2,
    15,
    14,
    0,
    17,
    6
  ],
  "iteration": 7,
  "gate_count": {
    "x": 4,
    "h": 128,
    "s": 30,
    "sdg": 30,
    "rz": 18,
    "cx": 92,
    "two_qubit": 92,
    "total": 302,
    "cudaq_estimate": {
      "x": 4,
      "sdg": 30,
      "h": 128,
      "cx": 92,
      "rz": 18,
      "s": 30,
      "total": 302,
      "two_qubit": 92
    }
  }
}