{
  "energy": -2.150179440655252,
  "error": -7.993605777301127e-15,
  "sequence": [
    8,
    10,
    1,
    18,
    16,
    16,
    15,
    17,
    12,
    10,
    11,
    12,
    0,
    13,
    0,
    14,
    15,
    5,
    6,
    4
  ],
  "iteration": 1,
  "gate_count": {
    "x": 4,
    "h": 136,
    "s": 30,
    "sdg": 30,
    "rz": 18,
    "cx": 100,
    "two_qubit": 100,
    "total": 318
  }
}