{
  "energy": -2.126998149909534,
  "error": -5.329070518200751e-15,
  "sequence": [
    10,
    19,
    16,
    1,
    8,
    14,
    6,
    14,
    4,
    16,
    18,
    14,
    10,
    10,
    16,
    12,
    12,
    17,
    10,
    8
  ],
  "iteration": 67,
  "gate_count": {
    "x": 4,
    "h": 148,
    "s": 36,
    "sdg": 36,
    "rz": 20,
    "cx": 108,
    "two_qubit": 108,
    "total": 352
  }
}