{
  "energy": -2.1337352512697727,
  "error": -2.6645352591003757e-15,
  "sequence": [
    8,
    8,
    12,
    17,
    11,
    2,
    2,
    14,
    8,
    12,
    3,
    9,
    10,
    1,
    19,
    9,
    15,
    19,
    5,
    5
  ],
  "iteration": 10,
  "gate_count": {
    "x": 4,
    "h": 144,
    "s": 26,
    "sdg": 26,
    "rz": 20,
    "cx": 104,
    "two_qubit": 104,
    "total": 324,
    "cudaq_estimate": {
      "x": 4,
      "sdg": 26,
      "h": 144,
      "cx": 104,
      "rz": 20,
      "s": 26,
      "total": 324,
      "two_qubit": 104
    }
  }
}