{
  "energy": -2.195180549991629,
  "error": -5.773159728050814e-15,
  "sequence": [
    4,
    17,
    23,
    6,
    4,
    21,
    15,
    18,
    3,
    2,
    14,
    10,
    13,
    11,
    23,
    6,
    15,
    25,
    5,
    22
  ],
  "iteration": 69,
  "gate_count": {
    "x": 4,
    "h": 132,
    "s": 20,
    "sdg": 20,
    "rz": 20,
    "cx": 92,
    "two_qubit": 92,
    "total": 288,
    "cudaq_estimate": {
      "x": 4,
      "sdg": 20,
      "h": 132,
      "cx": 92,
      "rz": 20,
      "s": 20,
      "total": 288,
      "two_qubit": 92
    }
  }
}