{
  "energy": -2.1337352512697727,
  "error": -2.6645352591003757e-15,
  "sequence": [
    7,
    9,
    7,
    10,
    19,
    15,
    15,
    1,
    7,
    13,
    1,
    11,
    2,
    11,
    14,
    10,
    11,
    12,
    17,
    6
  ],
  "iteration": 0,
  "gate_count": {
    "x": 4,
    "h": 136,
    "s": 26,
    "sdg": 26,
    "rz": 20,
    "cx": 96,
    "two_qubit": 96,
    "total": 308,
    "cudaq_estimate": {
      "x": 4,
      "sdg": 26,
      "h": 136,
      "cx": 96,
      "rz": 20,
      "s": 26,
      "total": 308,
      "two_qubit": 96
    }
  }
}