{
  "energy": -2.1918496714109996,
  "error": 0.0033308785806220875,
  "sequence": [
    7,
    17,
    5,
    8,
    15,
    1,
    19,
    0,
    8,
    5,
    1,
    14,
    9,
    13,
    18,
    9,
    14,
    12,
    12,
    12
  ],
  "iteration": 1,
  "gate_count": {
    "x": 4,
    "h": 136,
    "s": 29,
    "sdg": 29,
    "rz": 19,
    "cx": 98,
    "two_qubit": 98,
    "total": 315
  }
}