{
  "energy": -2.1831291882550286,
  "error": -4.884981308350689e-15,
  "sequence": [
    2,
    13,
    5,
    3,
    12,
    1,
    15,
    10,
    16,
    1,
    9,
    14,
    0,
    16,
    6,
    1,
    19,
    4,
    9,
    1
  ],
  "iteration": 89,
  "gate_count": {
    "x": 4,
    "h": 144,
    "s": 27,
    "sdg": 27,
    "rz": 19,
    "cx": 106,
    "two_qubit": 106,
    "total": 327
  }
}