{
  "energy": -2.195712227345007,
  "error": -3.1086244689504383e-15,
  "sequence": [
    8,
    4,
    18,
    9,
    16,
    17,
    12,
    5,
    12,
    9,
    6,
    16,
    11,
    13,
    13,
    2,
    16,
    20,
    19,
    0
  ],
  "iteration": 11,
  "gate_count": {
    "x": 4,
    "h": 132,
    "s": 31,
    "sdg": 31,
    "rz": 19,
    "cx": 94,
    "two_qubit": 94,
    "total": 311,
    "cudaq_estimate": {
      "x": 4,
      "sdg": 31,
      "h": 132,
      "cx": 94,
      "rz": 19,
      "s": 31,
      "total": 311,
      "two_qubit": 94
    }
  }
}