{
  "energy": -2.1951805499916253,
  "error": -3.1086244689504383e-15,
  "sequence": [
    11,
    9,
    8,
    1,
    14,
    13,
    5,
    9,
    8,
    13,
    20,
    5,
    5,
    12,
    16,
    13,
    2,
    10,
    10,
    8
  ],
  "iteration": 18,
  "gate_count": {
    "x": 4,
    "h": 148,
    "s": 32,
    "sdg": 32,
    "rz": 20,
    "cx": 108,
    "two_qubit": 108,
    "total": 344,
    "cudaq_estimate": {
      "x": 4,
      "sdg": 32,
      "h": 148,
      "cx": 108,
      "rz": 20,
      "s": 32,
      "total": 344,
      "two_qubit": 108
    }
  }
}