{
  "energy": -2.1951805499916297,
  "error": -6.661338147750939e-15,
  "sequence": [
    26,
    13,
    21,
    5,
    3,
    3,
    17,
    16,
    14,
    21,
    3,
    23,
    11,
    6,
    20,
    3,
    7,
    10,
    23,
    15
  ],
  "iteration": 40,
  "gate_count": {
    "x": 4,
    "h": 132,
    "s": 20,
    "sdg": 20,
    "rz": 20,
    "cx": 92,
    "two_qubit": 92,
    "total": 288,
    "cudaq_estimate": {
      "x": 4,
      "sdg": 20,
      "h": 132,
      "cx": 92,
      "rz": 20,
      "s": 20,
      "total": 288,
      "two_qubit": 92
    }
  }
}