{
  "energy": -2.1951805499916266,
  "error": -7.993605777301127e-15,
  "sequence": [
    19,
    6,
    9,
    19,
    5,
    8,
    19,
    11,
    18,
    3,
    1,
    17,
    6,
    15,
    16,
    15,
    4,
    23,
    20,
    8
  ],
  "iteration": 63,
  "gate_count": {
    "x": 4,
    "h": 128,
    "s": 20,
    "sdg": 20,
    "rz": 20,
    "cx": 88,
    "two_qubit": 88,
    "total": 280,
    "cudaq_estimate": {
      "x": 4,
      "sdg": 20,
      "h": 128,
      "cx": 88,
      "rz": 20,
      "s": 20,
      "total": 280,
      "two_qubit": 88
    }
  }
}