{
  "energy": -2.015943326612257,
  "error": -3.1086244689504383e-15,
  "sequence": [
    1,
    18,
    4,
    3,
    8,
    10,
    1,
    19,
    3,
    13,
    12,
    8,
    19,
    20,
    11,
    6,
    2,
    18,
    3,
    17
  ],
  "iteration": 55,
  "gate_count": {
    "x": 4,
    "h": 140,
    "s": 32,
    "sdg": 32,
    "rz": 20,
    "cx": 100,
    "two_qubit": 100,
    "total": 328,
    "cudaq_estimate": {
      "x": 4,
      "sdg": 32,
      "h": 140,
      "cx": 100,
      "rz": 20,
      "s": 32,
      "total": 328,
      "two_qubit": 100
    }
  }
}