{
  "energy": -2.0159433266122573,
  "error": -3.552713678800501e-15,
  "sequence": [
    12,
    8,
    1,
    1,
    3,
    18,
    7,
    6,
    9,
    1,
    2,
    4,
    7,
    3,
    18,
    8,
    16,
    11,
    5,
    12
  ],
  "iteration": 17,
  "gate_count": {
    "x": 4,
    "h": 156,
    "s": 30,
    "sdg": 30,
    "rz": 20,
    "cx": 116,
    "two_qubit": 116,
    "total": 356,
    "cudaq_estimate": {
      "x": 4,
      "sdg": 30,
      "h": 156,
      "cx": 116,
      "rz": 20,
      "s": 30,
      "total": 356,
      "two_qubit": 116
    }
  }
}