{
  "energy": -2.1951805499916253,
  "error": -3.1086244689504383e-15,
  "sequence": [
    1,
    11,
    18,
    17,
    10,
    10,
    19,
    20,
    6,
    4,
    4,
    8,
    8,
    8,
    7,
    12,
    7,
    16,
    7,
    15
  ],
  "iteration": 7,
  "gate_count": {
    "x": 4,
    "h": 144,
    "s": 28,
    "sdg": 28,
    "rz": 20,
    "cx": 104,
    "two_qubit": 104,
    "total": 328
  }
}