{
  "energy": -2.1957122273450076,
  "error": -3.552713678800501e-15,
  "sequence": [
    15,
    15,
    9,
    18,
    17,
    3,
    7,
    17,
    15,
    11,
    1,
    15,
    19,
    2,
    6,
    8,
    17,
    0,
    19,
    14
  ],
  "iteration": 8,
  "gate_count": {
    "x": 4,
    "h": 140,
    "s": 29,
    "sdg": 29,
    "rz": 19,
    "cx": 102,
    "two_qubit": 102,
    "total": 323,
    "cudaq_estimate": {
      "x": 4,
      "sdg": 29,
      "h": 140,
      "cx": 102,
      "rz": 19,
      "s": 29,
      "total": 323,
      "two_qubit": 102
    }
  }
}