{
  "energy": -2.1914493989791937,
  "error": 0.0037311510124320435,
  "sequence": [
    24,
    17,
    18,
    13,
    18,
    2,
    25,
    17,
    18,
    3,
    2,
    26,
    3,
    22,
    20,
    2,
    10,
    13,
    26,
    25
  ],
  "iteration": 0,
  "gate_count": {
    "x": 4,
    "rx": 500,
    "h": 500,
    "cx": 1180,
    "rz": 130,
    "total": 2314
  }
}