{
  "energy": -2.190703217713951,
  "error": 0.004477332277676549,
  "sequence": [
    26,
    23,
    11,
    0,
    0,
    15,
    19,
    26,
    1,
    0,
    20,
    15,
    14,
    18,
    14,
    24,
    7,
    21,
    15,
    6
  ],
  "iteration": 0,
  "gate_count": {
    "x": 4,
    "h": 920,
    "s": 230,
    "sdg": 230,
    "rz": 118,
    "cx": 1032,
    "two_qubit": 1032,
    "total": 2534,
    "cudaq_estimate": {
      "x": 4,
      "sdg": 230,
      "h": 920,
      "cx": 1032,
      "rz": 118,
      "s": 230,
      "total": 2534,
      "two_qubit": 1032
    }
  }
}