{
  "energy": -2.1886738017591574,
  "error": -5.329070518200751e-15,
  "sequence": [
    5,
    6,
    19,
    5,
    14,
    0,
    9,
    17,
    16,
    9,
    14,
    16,
    20,
    4,
    20,
    5,
    15,
    7,
    19,
    1
  ],
  "iteration": 6,
  "gate_count": {
    "x": 4,
    "h": 132,
    "s": 33,
    "sdg": 33,
    "rz": 19,
    "cx": 94,
    "two_qubit": 94,
    "total": 315,
    "cudaq_estimate": {
      "x": 4,
      "sdg": 33,
      "h": 132,
      "cx": 94,
      "rz": 19,
      "s": 33,
      "total": 315,
      "two_qubit": 94
    }
  }
}