{
  "energy": -2.183129188255029,
  "error": -5.329070518200751e-15,
  "sequence": [
    1,
    4,
    9,
    0,
    17,
    18,
    6,
    7,
    11,
    1,
    2,
    2,
    11,
    10,
    11,
    9,
    17,
    7,
    6,
    2
  ],
  "iteration": 88,
  "gate_count": {
    "x": 4,
    "h": 140,
    "s": 27,
    "sdg": 27,
    "rz": 19,
    "cx": 102,
    "two_qubit": 102,
    "total": 319,
    "cudaq_estimate": {
      "x": 4,
      "sdg": 27,
      "h": 140,
      "cx": 102,
      "rz": 19,
      "s": 27,
      "total": 319,
      "two_qubit": 102
    }
  }
}