{
  "energy": -2.015943326612258,
  "error": -4.440892098500626e-15,
  "sequence": [
    4,
    16,
    7,
    20,
    10,
    14,
    19,
    12,
    3,
    12,
    14,
    20,
    20,
    12,
    17,
    3,
    17,
    14,
    1,
    3
  ],
  "iteration": 48,
  "gate_count": {
    "x": 4,
    "h": 140,
    "s": 26,
    "sdg": 26,
    "rz": 20,
    "cx": 100,
    "two_qubit": 100,
    "total": 316,
    "cudaq_estimate": {
      "x": 4,
      "sdg": 26,
      "h": 140,
      "cx": 100,
      "rz": 20,
      "s": 26,
      "total": 316,
      "two_qubit": 100
    }
  }
}