{
  "energy": -2.1717143283712,
  "error": -8.881784197001252e-16,
  "sequence": [
    20,
    7,
    19,
    3,
    5,
    5,
    20,
    9,
    1,
    5,
    6,
    14,
    17,
    8,
    18,
    12,
    5,
    4,
    17,
    20
  ],
  "iteration": 18,
  "gate_count": {
    "x": 4,
    "h": 132,
    "s": 24,
    "sdg": 24,
    "rz": 20,
    "cx": 92,
    "two_qubit": 92,
    "total": 296,
    "cudaq_estimate": {
      "x": 4,
      "sdg": 24,
      "h": 132,
      "cx": 92,
      "rz": 20,
      "s": 24,
      "total": 296,
      "two_qubit": 92
    }
  }
}