{
  "energy": -2.195180549991627,
  "error": -4.884981308350689e-15,
  "sequence": [
    17,
    5,
    13,
    19,
    19,
    12,
    10,
    3,
    18,
    4,
    20,
    1,
    10,
    16,
    0,
    7,
    13,
    20,
    1,
    17
  ],
  "iteration": 24,
  "gate_count": {
    "x": 4,
    "h": 132,
    "s": 35,
    "sdg": 35,
    "rz": 19,
    "cx": 94,
    "two_qubit": 94,
    "total": 319,
    "cudaq_estimate": {
      "x": 4,
      "sdg": 35,
      "h": 132,
      "cx": 94,
      "rz": 19,
      "s": 35,
      "total": 319,
      "two_qubit": 94
    }
  }
}