{
  "energy": -2.1886738017591583,
  "error": -6.217248937900877e-15,
  "sequence": [
    5,
    9,
    11,
    8,
    18,
    13,
    5,
    10,
    16,
    9,
    12,
    11,
    19,
    20,
    13,
    3,
    12,
    2,
    3,
    11
  ],
  "iteration": 21,
  "gate_count": {
    "x": 4,
    "h": 148,
    "s": 36,
    "sdg": 36,
    "rz": 20,
    "cx": 108,
    "two_qubit": 108,
    "total": 352,
    "cudaq_estimate": {
      "x": 4,
      "sdg": 36,
      "h": 148,
      "cx": 108,
      "rz": 20,
      "s": 36,
      "total": 352,
      "two_qubit": 108
    }
  }
}