{
  "energy": -2.126998149909534,
  "error": -5.329070518200751e-15,
  "sequence": [
    10,
    17,
    17,
    16,
    8,
    2,
    9,
    0,
    13,
    6,
    9,
    2,
    14,
    19,
    14,
    14,
    1,
    16,
    16,
    9
  ],
  "iteration": 52,
  "gate_count": {
    "x": 4,
    "h": 140,
    "s": 31,
    "sdg": 31,
    "rz": 19,
    "cx": 102,
    "two_qubit": 102,
    "total": 327,
    "cudaq_estimate": {
      "x": 4,
      "sdg": 31,
      "h": 140,
      "cx": 102,
      "rz": 19,
      "s": 31,
      "total": 327,
      "two_qubit": 102
    }
  }
}