{
  "energy": -2.1950110455330814,
  "error": 0.00016950445854346796,
  "sequence": [
    13,
    4,
    22,
    26,
    11,
    1,
    26,
    15,
    0,
    5,
    7,
    6,
    22,
    23,
    11,
    22,
    10,
    24,
    16,
    5
  ],
  "iteration": 1,
  "gate_count": {
    "x": 4,
    "h": 880,
    "s": 220,
    "sdg": 220,
    "rz": 116,
    "cx": 960,
    "two_qubit": 960,
    "total": 2400,
    "cudaq_estimate": {
      "x": 4,
      "sdg": 220,
      "h": 880,
      "cx": 960,
      "rz": 116,
      "s": 220,
      "total": 2400,
      "two_qubit": 960
    }
  }
}