{
  "energy": -2.1957122273450076,
  "error": -3.552713678800501e-15,
  "sequence": [
    2,
    20,
    8,
    2,
    0,
    15,
    13,
    16,
    8,
    11,
    1,
    20,
    1,
    0,
    0,
    14,
    7,
    2,
    13,
    3
  ],
  "iteration": 45,
  "gate_count": {
    "x": 4,
    "h": 124,
    "s": 23,
    "sdg": 23,
    "rz": 17,
    "cx": 90,
    "two_qubit": 90,
    "total": 281
  }
}