{
  "energy": -2.1851583616689365,
  "error": 0.010022188322685643,
  "sequence": [
    13,
    16,
    11,
    16,
    6,
    3,
    17,
    3,
    0,
    7,
    9,
    6,
    2,
    10,
    3,
    20,
    17,
    9,
    17,
    9
  ],
  "iteration": 0,
  "gate_count": {
    "x": 4,
    "h": 144,
    "s": 33,
    "sdg": 33,
    "rz": 19,
    "cx": 106,
    "two_qubit": 106,
    "total": 339,
    "cudaq_estimate": {
      "x": 4,
      "sdg": 33,
      "h": 144,
      "cx": 106,
      "rz": 19,
      "s": 33,
      "total": 339,
      "two_qubit": 106
    }
  }
}