{
  "energy": -2.150179440655252,
  "error": -7.993605777301127e-15,
  "sequence": [
    20,
    20,
    6,
    14,
    5,
    10,
    19,
    1,
    19,
    10,
    10,
    2,
    14,
    15,
    7,
    14,
    9,
    1,
    16,
    18
  ],
  "iteration": 66,
  "gate_count": {
    "x": 4,
    "h": 140,
    "s": 36,
    "sdg": 36,
    "rz": 20,
    "cx": 100,
    "two_qubit": 100,
    "total": 336,
    "cudaq_estimate": {
      "x": 4,
      "sdg": 36,
      "h": 140,
      "cx": 100,
      "rz": 20,
      "s": 36,
      "total": 336,
      "two_qubit": 100
    }
  }
}