{
  "energy": -2.1269981499095336,
  "error": -4.884981308350689e-15,
  "sequence": [
    12,
    14,
    16,
    7,
    17,
    3,
    5,
    1,
    3,
    5,
    8,
    20,
    17,
    2,
    11,
    5,
    1,
    15,
    13,
    3
  ],
  "iteration": 34,
  "gate_count": {
    "x": 4,
    "h": 148,
    "s": 32,
    "sdg": 32,
    "rz": 20,
    "cx": 108,
    "two_qubit": 108,
    "total": 344,
    "cudaq_estimate": {
      "x": 4,
      "sdg": 32,
      "h": 148,
      "cx": 108,
      "rz": 20,
      "s": 32,
      "total": 344,
      "two_qubit": 108
    }
  }
}