{
  "energy": -2.1951805499916253,
  "error": -3.1086244689504383e-15,
  "sequence": [
    1,
    19,
    14,
    2,
    3,
    9,
    1,
    2,
    19,
    2,
    5,
    19,
    20,
    11,
    11,
    17,
    16,
    4,
    7,
    9
  ],
  "iteration": 75,
  "gate_count": {
    "x": 4,
    "h": 136,
    "s": 28,
    "sdg": 28,
    "rz": 20,
    "cx": 96,
    "two_qubit": 96,
    "total": 312,
    "cudaq_estimate": {
      "x": 4,
      "sdg": 28,
      "h": 136,
      "cx": 96,
      "rz": 20,
      "s": 28,
      "total": 312,
      "two_qubit": 96
    }
  }
}