{
  "energy": -2.126998149909533,
  "error": -4.440892098500626e-15,
  "sequence": [
    7,
    13,
    10,
    1,
    12,
    12,
    20,
    5,
    16,
    4,
    14,
    20,
    7,
    6,
    20,
    6,
    5,
    9,
    15,
    7
  ],
  "iteration": 7,
  "gate_count": {
    "x": 4,
    "h": 148,
    "s": 28,
    "sdg": 28,
    "rz": 20,
    "cx": 108,
    "two_qubit": 108,
    "total": 336,
    "cudaq_estimate": {
      "x": 4,
      "sdg": 28,
      "h": 148,
      "cx": 108,
      "rz": 20,
      "s": 28,
      "total": 336,
      "two_qubit": 108
    }
  }
}