{
  "energy": -2.195180549991628,
  "error": -4.884981308350689e-15,
  "sequence": [
    10,
    17,
    9,
    20,
    5,
    10,
    1,
    5,
    25,
    26,
    17,
    14,
    13,
    20,
    2,
    3,
    11,
    10,
    11,
    5
  ],
  "iteration": 44,
  "gate_count": {
    "x": 4,
    "h": 944,
    "s": 236,
    "sdg": 236,
    "rz": 124,
    "cx": 1184,
    "two_qubit": 1184,
    "total": 2728,
    "cudaq_estimate": {
      "x": 4,
      "sdg": 236,
      "h": 944,
      "cx": 1184,
      "rz": 124,
      "s": 236,
      "total": 2728,
      "two_qubit": 1184
    }
  }
}