{
  "energy": -2.1951805499916257,
  "error": -5.773159728050814e-15,
  "sequence": [
    1,
    19,
    24,
    21,
    15,
    23,
    12,
    26,
    8,
    25,
    26,
    10,
    6,
    10,
    13,
    11,
    15,
    25,
    22,
    8
  ],
  "iteration": 46,
  "gate_count": {
    "x": 4,
    "rx": 528,
    "h": 528,
    "cx": 1268,
    "rz": 136,
    "total": 2464,
    "two_qubit": 1268
  }
}