{
  "energy": -2.1717143283712006,
  "error": -1.3322676295501878e-15,
  "sequence": [
    12,
    5,
    3,
    3,
    16,
    17,
    13,
    13,
    9,
    17,
    12,
    4,
    12,
    10,
    6,
    7,
    20,
    8,
    16,
    4
  ],
  "iteration": 71,
  "gate_count": {
    "x": 4,
    "h": 148,
    "s": 32,
    "sdg": 32,
    "rz": 20,
    "cx": 108,
    "two_qubit": 108,
    "total": 344,
    "cudaq_estimate": {
      "x": 4,
      "sdg": 32,
      "h": 148,
      "cx": 108,
      "rz": 20,
      "s": 32,
      "total": 344,
      "two_qubit": 108
    }
  }
}