{
  "energy": -2.195180549991629,
  "error": -6.661338147750939e-15,
  "sequence": [
    7,
    20,
    5,
    16,
    9,
    8,
    12,
    11,
    24,
    0,
    14,
    22,
    3,
    2,
    16,
    3,
    13,
    17,
    18,
    8
  ],
  "iteration": 54,
  "gate_count": {
    "x": 4,
    "h": 124,
    "s": 19,
    "sdg": 19,
    "rz": 19,
    "cx": 86,
    "two_qubit": 86,
    "total": 271,
    "cudaq_estimate": {
      "x": 4,
      "sdg": 19,
      "h": 124,
      "cx": 86,
      "rz": 19,
      "s": 19,
      "total": 271,
      "two_qubit": 86
    }
  }
}