{
  "energy": -2.1717143283712,
  "error": -8.881784197001252e-16,
  "sequence": [
    2,
    11,
    18,
    0,
    4,
    9,
    4,
    4,
    16,
    9,
    13,
    0,
    2,
    9,
    2,
    12,
    19,
    11,
    5,
    17
  ],
  "iteration": 8,
  "gate_count": {
    "x": 4,
    "h": 132,
    "s": 36,
    "sdg": 36,
    "rz": 18,
    "cx": 96,
    "two_qubit": 96,
    "total": 322,
    "cudaq_estimate": {
      "x": 4,
      "sdg": 36,
      "h": 132,
      "cx": 96,
      "rz": 18,
      "s": 36,
      "total": 322,
      "two_qubit": 96
    }
  }
}