{
  "energy": -1.7663428264545642,
  "error": -1.9984014443252818e-15,
  "sequence": [
    6,
    15,
    1,
    9,
    11,
    12,
    10,
    17,
    1,
    1,
    9,
    2,
    8,
    9,
    11,
    13,
    11,
    20,
    12,
    11
  ],
  "iteration": 85,
  "gate_count": {
    "x": 4,
    "h": 136,
    "s": 24,
    "sdg": 24,
    "rz": 20,
    "cx": 96,
    "two_qubit": 96,
    "total": 304
  }
}