{
  "energy": -2.1886738017591583,
  "error": -6.217248937900877e-15,
  "sequence": [
    3,
    13,
    15,
    4,
    14,
    9,
    6,
    15,
    12,
    7,
    10,
    9,
    7,
    11,
    7,
    10,
    17,
    14,
    6,
    1
  ],
  "iteration": 82,
  "gate_count": {
    "x": 4,
    "h": 156,
    "s": 30,
    "sdg": 30,
    "rz": 20,
    "cx": 116,
    "two_qubit": 116,
    "total": 356,
    "cudaq_estimate": {
      "x": 4,
      "sdg": 30,
      "h": 156,
      "cx": 116,
      "rz": 20,
      "s": 30,
      "total": 356,
      "two_qubit": 116
    }
  }
}