{
  "energy": -2.015943326612258,
  "error": -4.440892098500626e-15,
  "sequence": [
    9,
    15,
    0,
    19,
    2,
    18,
    10,
    13,
    12,
    2,
    18,
    2,
    17,
    11,
    6,
    3,
    1,
    6,
    4,
    12
  ],
  "iteration": 16,
  "gate_count": {
    "x": 4,
    "h": 140,
    "s": 33,
    "sdg": 33,
    "rz": 19,
    "cx": 102,
    "two_qubit": 102,
    "total": 331,
    "cudaq_estimate": {
      "x": 4,
      "sdg": 33,
      "h": 140,
      "cx": 102,
      "rz": 19,
      "s": 33,
      "total": 331,
      "two_qubit": 102
    }
  }
}