{
  "energy": -2.1951805499916253,
  "error": -3.1086244689504383e-15,
  "sequence": [
    4,
    7,
    17,
    17,
    18,
    8,
    10,
    6,
    1,
    0,
    13,
    4,
    1,
    11,
    17,
    19,
    20,
    6,
    20,
    3
  ],
  "iteration": 67,
  "gate_count": {
    "x": 4,
    "h": 136,
    "s": 35,
    "sdg": 35,
    "rz": 19,
    "cx": 98,
    "two_qubit": 98,
    "total": 327
  }
}