{
  "energy": -2.0159433266122577,
  "error": -3.9968028886505635e-15,
  "sequence": [
    11,
    7,
    3,
    6,
    11,
    12,
    2,
    2,
    1,
    14,
    9,
    15,
    0,
    3,
    20,
    1,
    2,
    12,
    9,
    6
  ],
  "iteration": 90,
  "gate_count": {
    "x": 4,
    "h": 140,
    "s": 23,
    "sdg": 23,
    "rz": 19,
    "cx": 102,
    "two_qubit": 102,
    "total": 311
  }
}