{
  "energy": -2.1957122273450076,
  "error": -3.552713678800501e-15,
  "sequence": [
    15,
    10,
    4,
    3,
    2,
    10,
    17,
    1,
    11,
    1,
    13,
    19,
    12,
    9,
    16,
    16,
    19,
    18,
    10,
    5
  ],
  "iteration": 73,
  "gate_count": {
    "x": 4,
    "h": 144,
    "s": 32,
    "sdg": 32,
    "rz": 20,
    "cx": 104,
    "two_qubit": 104,
    "total": 336,
    "cudaq_estimate": {
      "x": 4,
      "sdg": 32,
      "h": 144,
      "cx": 104,
      "rz": 20,
      "s": 32,
      "total": 336,
      "two_qubit": 104
    }
  }
}