{
  "energy": -1.7663428264545669,
  "error": -4.6629367034256575e-15,
  "sequence": [
    15,
    1,
    18,
    18,
    11,
    6,
    19,
    14,
    5,
    6,
    10,
    10,
    0,
    15,
    10,
    6,
    9,
    12,
    0,
    17
  ],
  "iteration": 41,
  "gate_count": {
    "x": 4,
    "h": 124,
    "s": 26,
    "sdg": 26,
    "rz": 18,
    "cx": 88,
    "two_qubit": 88,
    "total": 286,
    "cudaq_estimate": {
      "x": 4,
      "sdg": 26,
      "h": 124,
      "cx": 88,
      "rz": 18,
      "s": 26,
      "total": 286,
      "two_qubit": 88
    }
  }
}