{
  "energy": -1.7663428264545653,
  "error": -3.1086244689504383e-15,
  "sequence": [
    10,
    15,
    1,
    14,
    18,
    12,
    7,
    4,
    19,
    1,
    11,
    2,
    1,
    18,
    10,
    9,
    14,
    15,
    3,
    11
  ],
  "iteration": 52,
  "gate_count": {
    "x": 4,
    "h": 136,
    "s": 30,
    "sdg": 30,
    "rz": 20,
    "cx": 96,
    "two_qubit": 96,
    "total": 316,
    "cudaq_estimate": {
      "x": 4,
      "sdg": 30,
      "h": 136,
      "cx": 96,
      "rz": 20,
      "s": 30,
      "total": 316,
      "two_qubit": 96
    }
  }
}