{
  "energy": -2.1717143283712,
  "error": -8.881784197001252e-16,
  "sequence": [
    19,
    12,
    12,
    11,
    4,
    19,
    5,
    5,
    3,
    5,
    9,
    12,
    7,
    2,
    9,
    7,
    16,
    5,
    17,
    8
  ],
  "iteration": 4,
  "gate_count": {
    "x": 4,
    "h": 148,
    "s": 30,
    "sdg": 30,
    "rz": 20,
    "cx": 108,
    "two_qubit": 108,
    "total": 340,
    "cudaq_estimate": {
      "x": 4,
      "sdg": 30,
      "h": 148,
      "cx": 108,
      "rz": 20,
      "s": 30,
      "total": 340,
      "two_qubit": 108
    }
  }
}