{
  "energy": -2.1951805499916257,
  "error": -3.552713678800501e-15,
  "sequence": [
    10,
    2,
    4,
    2,
    15,
    16,
    12,
    16,
    12,
    18,
    10,
    9,
    6,
    8,
    15,
    15,
    8,
    4,
    9,
    2
  ],
  "iteration": 51,
  "gate_count": {
    "x": 4,
    "h": 152,
    "s": 26,
    "sdg": 26,
    "rz": 20,
    "cx": 112,
    "two_qubit": 112,
    "total": 340
  }
}