{
  "energy": -1.7663428264545664,
  "error": -4.218847493575595e-15,
  "sequence": [
    10,
    0,
    10,
    10,
    11,
    12,
    5,
    7,
    2,
    12,
    14,
    1,
    20,
    11,
    8,
    16,
    3,
    5,
    15,
    1
  ],
  "iteration": 18,
  "gate_count": {
    "x": 4,
    "h": 128,
    "s": 29,
    "sdg": 29,
    "rz": 19,
    "cx": 90,
    "two_qubit": 90,
    "total": 299,
    "cudaq_estimate": {
      "x": 4,
      "sdg": 29,
      "h": 128,
      "cx": 90,
      "rz": 19,
      "s": 29,
      "total": 299,
      "two_qubit": 90
    }
  }
}