{
  "energy": -2.1951805499916253,
  "error": -3.1086244689504383e-15,
  "sequence": [
    19,
    15,
    19,
    12,
    1,
    5,
    11,
    5,
    2,
    7,
    7,
    14,
    15,
    0,
    5,
    5,
    16,
    1,
    3,
    3
  ],
  "iteration": 74,
  "gate_count": {
    "x": 4,
    "h": 136,
    "s": 31,
    "sdg": 31,
    "rz": 19,
    "cx": 98,
    "two_qubit": 98,
    "total": 319
  }
}