{
  "energy": -2.1951805499916253,
  "error": -3.1086244689504383e-15,
  "sequence": [
    6,
    1,
    6,
    7,
    16,
    10,
    2,
    14,
    16,
    11,
    20,
    10,
    1,
    18,
    19,
    3,
    4,
    4,
    20,
    18
  ],
  "iteration": 38,
  "gate_count": {
    "x": 4,
    "h": 144,
    "s": 30,
    "sdg": 30,
    "rz": 20,
    "cx": 104,
    "two_qubit": 104,
    "total": 332,
    "cudaq_estimate": {
      "x": 4,
      "sdg": 30,
      "h": 144,
      "cx": 104,
      "rz": 20,
      "s": 30,
      "total": 332,
      "two_qubit": 104
    }
  }
}