{
  "energy": -2.1951805499916275,
  "error": -4.440892098500626e-15,
  "sequence": [
    6,
    15,
    1,
    14,
    20,
    3,
    11,
    10,
    15,
    8,
    10,
    15,
    17,
    18,
    0,
    11,
    4,
    16,
    9,
    20
  ],
  "iteration": 27,
  "gate_count": {
    "x": 4,
    "h": 136,
    "s": 27,
    "sdg": 27,
    "rz": 19,
    "cx": 98,
    "two_qubit": 98,
    "total": 311
  }
}