{
  "energy": -2.0159433266122577,
  "error": -3.9968028886505635e-15,
  "sequence": [
    12,
    8,
    18,
    10,
    11,
    16,
    11,
    11,
    1,
    19,
    12,
    15,
    17,
    2,
    6,
    3,
    0,
    18,
    5,
    20
  ],
  "iteration": 51,
  "gate_count": {
    "x": 4,
    "h": 128,
    "s": 29,
    "sdg": 29,
    "rz": 19,
    "cx": 90,
    "two_qubit": 90,
    "total": 299,
    "cudaq_estimate": {
      "x": 4,
      "sdg": 29,
      "h": 128,
      "cx": 90,
      "rz": 19,
      "s": 29,
      "total": 299,
      "two_qubit": 90
    }
  }
}