{
  "energy": -2.1886738017591574,
  "error": -5.329070518200751e-15,
  "sequence": [
    13,
    18,
    7,
    7,
    0,
    5,
    8,
    2,
    19,
    18,
    20,
    3,
    2,
    4,
    11,
    1,
    5,
    20,
    16,
    10
  ],
  "iteration": 21,
  "gate_count": {
    "x": 4,
    "h": 132,
    "s": 31,
    "sdg": 31,
    "rz": 19,
    "cx": 94,
    "two_qubit": 94,
    "total": 311
  }
}