{
  "energy": -2.1337352512697745,
  "error": -4.440892098500626e-15,
  "sequence": [
    11,
    6,
    3,
    6,
    19,
    14,
    2,
    3,
    6,
    1,
    6,
    20,
    0,
    4,
    15,
    14,
    19,
    15,
    5,
    12
  ],
  "iteration": 7,
  "gate_count": {
    "x": 4,
    "h": 136,
    "s": 31,
    "sdg": 31,
    "rz": 19,
    "cx": 98,
    "two_qubit": 98,
    "total": 319,
    "cudaq_estimate": {
      "x": 4,
      "sdg": 31,
      "h": 136,
      "cx": 98,
      "rz": 19,
      "s": 31,
      "total": 319,
      "two_qubit": 98
    }
  }
}