{
  "energy": -2.1831291882550294,
  "error": -5.773159728050814e-15,
  "sequence": [
    15,
    16,
    2,
    10,
    18,
    0,
    11,
    11,
    18,
    8,
    6,
    13,
    9,
    7,
    20,
    3,
    4,
    11,
    17,
    1
  ],
  "iteration": 52,
  "gate_count": {
    "x": 4,
    "h": 136,
    "s": 31,
    "sdg": 31,
    "rz": 19,
    "cx": 98,
    "two_qubit": 98,
    "total": 319,
    "cudaq_estimate": {
      "x": 4,
      "sdg": 31,
      "h": 136,
      "cx": 98,
      "rz": 19,
      "s": 31,
      "total": 319,
      "two_qubit": 98
    }
  }
}