{
  "energy": -2.1951805499916297,
  "error": -6.217248937900877e-15,
  "sequence": [
    18,
    6,
    23,
    23,
    14,
    21,
    23,
    2,
    17,
    1,
    11,
    7,
    11,
    19,
    16,
    4,
    0,
    13,
    20,
    5
  ],
  "iteration": 38,
  "gate_count": {
    "x": 4,
    "h": 128,
    "s": 19,
    "sdg": 19,
    "rz": 19,
    "cx": 90,
    "two_qubit": 90,
    "total": 279,
    "cudaq_estimate": {
      "x": 4,
      "sdg": 19,
      "h": 128,
      "cx": 90,
      "rz": 19,
      "s": 19,
      "total": 279,
      "two_qubit": 90
    }
  }
}