{
  "energy": -2.1269981499095336,
  "error": -4.884981308350689e-15,
  "sequence": [
    15,
    13,
    5,
    11,
    2,
    4,
    0,
    2,
    6,
    16,
    8,
    20,
    1,
    11,
    8,
    12,
    18,
    19,
    2,
    14
  ],
  "iteration": 4,
  "gate_count": {
    "x": 4,
    "h": 140,
    "s": 31,
    "sdg": 31,
    "rz": 19,
    "cx": 102,
    "two_qubit": 102,
    "total": 327,
    "cudaq_estimate": {
      "x": 4,
      "sdg": 31,
      "h": 140,
      "cx": 102,
      "rz": 19,
      "s": 31,
      "total": 327,
      "two_qubit": 102
    }
  }
}