{
  "energy": -2.1951805499916253,
  "error": -3.1086244689504383e-15,
  "sequence": [
    15,
    9,
    19,
    14,
    4,
    14,
    9,
    9,
    11,
    7,
    8,
    1,
    19,
    16,
    20,
    9,
    2,
    16,
    2,
    17
  ],
  "iteration": 37,
  "gate_count": {
    "x": 4,
    "h": 144,
    "s": 24,
    "sdg": 24,
    "rz": 20,
    "cx": 104,
    "two_qubit": 104,
    "total": 320
  }
}