{
  "energy": -2.1951805499916253,
  "error": -3.1086244689504383e-15,
  "sequence": [
    6,
    12,
    12,
    4,
    2,
    18,
    11,
    3,
    1,
    16,
    2,
    0,
    16,
    5,
    17,
    3,
    17,
    10,
    4,
    9
  ],
  "iteration": 73,
  "gate_count": {
    "x": 4,
    "h": 140,
    "s": 35,
    "sdg": 35,
    "rz": 19,
    "cx": 102,
    "two_qubit": 102,
    "total": 335
  }
}