{
  "energy": -2.1951805499916253,
  "error": -3.1086244689504383e-15,
  "sequence": [
    11,
    17,
    18,
    19,
    2,
    4,
    15,
    8,
    1,
    11,
    7,
    14,
    19,
    6,
    2,
    9,
    13,
    5,
    9,
    11
  ],
  "iteration": 50,
  "gate_count": {
    "x": 4,
    "h": 140,
    "s": 30,
    "sdg": 30,
    "rz": 20,
    "cx": 100,
    "two_qubit": 100,
    "total": 324,
    "cudaq_estimate": {
      "x": 4,
      "sdg": 30,
      "h": 140,
      "cx": 100,
      "rz": 20,
      "s": 30,
      "total": 324,
      "two_qubit": 100
    }
  }
}