{
  "energy": -2.1717143283711997,
  "error": -4.440892098500626e-16,
  "sequence": [
    1,
    1,
    13,
    13,
    19,
    4,
    11,
    8,
    17,
    18,
    5,
    6,
    14,
    0,
    16,
    16,
    14,
    1,
    15,
    4
  ],
  "iteration": 4,
  "gate_count": {
    "x": 4,
    "h": 140,
    "s": 31,
    "sdg": 31,
    "rz": 19,
    "cx": 102,
    "two_qubit": 102,
    "total": 327,
    "cudaq_estimate": {
      "x": 4,
      "sdg": 31,
      "h": 140,
      "cx": 102,
      "rz": 19,
      "s": 31,
      "total": 327,
      "two_qubit": 102
    }
  }
}