{
  "energy": -2.1951805499916284,
  "error": -4.440892098500626e-15,
  "sequence": [
    21,
    13,
    13,
    21,
    20,
    22,
    22,
    0,
    22,
    11,
    17,
    10,
    11,
    25,
    1,
    5,
    15,
    12,
    3,
    4
  ],
  "iteration": 40,
  "gate_count": {
    "x": 4,
    "h": 136,
    "s": 19,
    "sdg": 19,
    "rz": 19,
    "cx": 98,
    "two_qubit": 98,
    "total": 295,
    "cudaq_estimate": {
      "x": 4,
      "sdg": 19,
      "h": 136,
      "cx": 98,
      "rz": 19,
      "s": 19,
      "total": 295,
      "two_qubit": 98
    }
  }
}