{
  "energy": -2.195180549991629,
  "error": -2.220446049250313e-15,
  "sequence": [
    15,
    26,
    21,
    22,
    9,
    24,
    6,
    2,
    11,
    0,
    21,
    8,
    21,
    10,
    21,
    23,
    8,
    9,
    0,
    23
  ],
  "iteration": 26,
  "gate_count": {
    "x": 4,
    "h": 128,
    "s": 18,
    "sdg": 18,
    "rz": 18,
    "cx": 92,
    "two_qubit": 92,
    "total": 278,
    "cudaq_estimate": {
      "x": 4,
      "sdg": 18,
      "h": 128,
      "cx": 92,
      "rz": 18,
      "s": 18,
      "total": 278,
      "two_qubit": 92
    }
  }
}