{
  "energy": -2.1337352512697736,
  "error": -3.552713678800501e-15,
  "sequence": [
    19,
    10,
    8,
    12,
    18,
    6,
    2,
    8,
    19,
    5,
    7,
    19,
    1,
    11,
    5,
    16,
    6,
    0,
    7,
    16
  ],
  "iteration": 75,
  "gate_count": {
    "x": 4,
    "h": 132,
    "s": 29,
    "sdg": 29,
    "rz": 19,
    "cx": 94,
    "two_qubit": 94,
    "total": 307,
    "cudaq_estimate": {
      "x": 4,
      "sdg": 29,
      "h": 132,
      "cx": 94,
      "rz": 19,
      "s": 29,
      "total": 307,
      "two_qubit": 94
    }
  }
}