{
  "energy": -2.183129188255028,
  "error": -4.440892098500626e-15,
  "sequence": [
    1,
    3,
    13,
    13,
    6,
    14,
    7,
    7,
    12,
    10,
    1,
    2,
    2,
    9,
    18,
    18,
    7,
    11,
    9,
    1
  ],
  "iteration": 36,
  "gate_count": {
    "x": 4,
    "h": 152,
    "s": 30,
    "sdg": 30,
    "rz": 20,
    "cx": 112,
    "two_qubit": 112,
    "total": 348,
    "cudaq_estimate": {
      "x": 4,
      "sdg": 30,
      "h": 152,
      "cx": 112,
      "rz": 20,
      "s": 30,
      "total": 348,
      "two_qubit": 112
    }
  }
}