{
  "energy": -2.195180549991629,
  "error": -6.661338147750939e-15,
  "sequence": [
    15,
    26,
    13,
    3,
    16,
    16,
    1,
    13,
    0,
    16,
    11,
    5,
    0,
    2,
    4,
    22,
    0,
    15,
    0,
    0
  ],
  "iteration": 43,
  "gate_count": {
    "x": 4,
    "h": 100,
    "s": 15,
    "sdg": 15,
    "rz": 15,
    "cx": 70,
    "two_qubit": 70,
    "total": 219,
    "cudaq_estimate": {
      "x": 4,
      "sdg": 15,
      "h": 100,
      "cx": 70,
      "rz": 15,
      "s": 15,
      "total": 219,
      "two_qubit": 70
    }
  }
}