{
  "energy": -2.150179440655251,
  "error": -7.105427357601002e-15,
  "sequence": [
    16,
    11,
    13,
    11,
    2,
    16,
    4,
    12,
    18,
    20,
    18,
    3,
    0,
    5,
    8,
    11,
    4,
    18,
    10,
    12
  ],
  "iteration": 3,
  "gate_count": {
    "x": 4,
    "h": 136,
    "s": 29,
    "sdg": 29,
    "rz": 19,
    "cx": 98,
    "two_qubit": 98,
    "total": 315,
    "cudaq_estimate": {
      "x": 4,
      "sdg": 29,
      "h": 136,
      "cx": 98,
      "rz": 19,
      "s": 29,
      "total": 315,
      "two_qubit": 98
    }
  }
}