{
  "energy": -2.1941991314578058,
  "error": 0.0009814185338203885,
  "sequence": [
    13,
    4,
    22,
    26,
    11,
    1,
    26,
    15,
    0,
    5,
    7,
    6,
    22,
    23,
    11,
    22,
    10,
    24,
    16,
    5
  ],
  "iteration": 1,
  "gate_count": {
    "x": 4,
    "h": 128,
    "s": 19,
    "sdg": 19,
    "rz": 19,
    "cx": 90,
    "two_qubit": 90,
    "total": 279,
    "cudaq_estimate": {
      "x": 4,
      "sdg": 19,
      "h": 128,
      "cx": 90,
      "rz": 19,
      "s": 19,
      "total": 279,
      "two_qubit": 90
    }
  }
}