{
  "energy": -2.1337352512697736,
  "error": -3.552713678800501e-15,
  "sequence": [
    1,
    3,
    17,
    1,
    16,
    2,
    11,
    5,
    17,
    4,
    10,
    10,
    6,
    17,
    11,
    13,
    2,
    9,
    15,
    5
  ],
  "iteration": 69,
  "gate_count": {
    "x": 4,
    "h": 144,
    "s": 36,
    "sdg": 36,
    "rz": 20,
    "cx": 104,
    "two_qubit": 104,
    "total": 344,
    "cudaq_estimate": {
      "x": 4,
      "sdg": 36,
      "h": 144,
      "cx": 104,
      "rz": 20,
      "s": 36,
      "total": 344,
      "two_qubit": 104
    }
  }
}