{
  "energy": -2.195180549991628,
  "error": -3.9968028886505635e-15,
  "sequence": [
    15,
    13,
    10,
    10,
    23,
    15,
    8,
    15,
    13,
    23,
    25,
    21,
    13,
    21,
    22,
    24,
    13,
    15,
    7,
    19
  ],
  "iteration": 29,
  "gate_count": {
    "x": 4,
    "h": 152,
    "s": 20,
    "sdg": 20,
    "rz": 20,
    "cx": 112,
    "two_qubit": 112,
    "total": 328,
    "cudaq_estimate": {
      "x": 4,
      "sdg": 20,
      "h": 152,
      "cx": 112,
      "rz": 20,
      "s": 20,
      "total": 328,
      "two_qubit": 112
    }
  }
}