{
  "energy": -2.1886738017591574,
  "error": -5.329070518200751e-15,
  "sequence": [
    1,
    9,
    11,
    14,
    7,
    16,
    12,
    5,
    12,
    18,
    19,
    13,
    14,
    19,
    20,
    4,
    0,
    2,
    17,
    17
  ],
  "iteration": 17,
  "gate_count": {
    "x": 4,
    "h": 128,
    "s": 27,
    "sdg": 27,
    "rz": 19,
    "cx": 90,
    "two_qubit": 90,
    "total": 295,
    "cudaq_estimate": {
      "x": 4,
      "sdg": 27,
      "h": 128,
      "cx": 90,
      "rz": 19,
      "s": 27,
      "total": 295,
      "two_qubit": 90
    }
  }
}