{
  "energy": -2.1831291882550286,
  "error": -4.884981308350689e-15,
  "sequence": [
    4,
    14,
    2,
    13,
    15,
    12,
    5,
    16,
    9,
    0,
    0,
    5,
    17,
    1,
    3,
    6,
    8,
    10,
    17,
    4
  ],
  "iteration": 63,
  "gate_count": {
    "x": 4,
    "h": 140,
    "s": 34,
    "sdg": 34,
    "rz": 18,
    "cx": 104,
    "two_qubit": 104,
    "total": 334,
    "cudaq_estimate": {
      "x": 4,
      "sdg": 34,
      "h": 140,
      "cx": 104,
      "rz": 18,
      "s": 34,
      "total": 334,
      "two_qubit": 104
    }
  }
}