{
  "energy": -1.7663428264545655,
  "error": -3.3306690738754696e-15,
  "sequence": [
    2,
    17,
    18,
    7,
    7,
    1,
    3,
    11,
    10,
    16,
    9,
    1,
    6,
    14,
    12,
    7,
    17,
    12,
    11,
    13
  ],
  "iteration": 97,
  "gate_count": {
    "x": 4,
    "h": 140,
    "s": 22,
    "sdg": 22,
    "rz": 20,
    "cx": 100,
    "two_qubit": 100,
    "total": 308,
    "cudaq_estimate": {
      "x": 4,
      "sdg": 22,
      "h": 140,
      "cx": 100,
      "rz": 20,
      "s": 22,
      "total": 308,
      "two_qubit": 100
    }
  }
}