{
  "energy": -2.195180549991626,
  "error": -3.9968028886505635e-15,
  "sequence": [
    3,
    0,
    19,
    7,
    19,
    13,
    17,
    5,
    3,
    13,
    9,
    15,
    9,
    6,
    1,
    3,
    3,
    11,
    16,
    9
  ],
  "iteration": 9,
  "gate_count": {
    "x": 4,
    "h": 140,
    "s": 35,
    "sdg": 35,
    "rz": 19,
    "cx": 102,
    "two_qubit": 102,
    "total": 335
  }
}