{
  "energy": -2.1951805499916253,
  "error": -3.1086244689504383e-15,
  "sequence": [
    7,
    17,
    12,
    10,
    3,
    0,
    10,
    12,
    5,
    0,
    16,
    1,
    18,
    3,
    4,
    0,
    3,
    1,
    11,
    4
  ],
  "iteration": 11,
  "gate_count": {
    "x": 4,
    "h": 124,
    "s": 33,
    "sdg": 33,
    "rz": 17,
    "cx": 90,
    "two_qubit": 90,
    "total": 301
  }
}