{
  "energy": -2.133735251269773,
  "error": -3.1086244689504383e-15,
  "sequence": [
    13,
    11,
    1,
    6,
    20,
    13,
    14,
    16,
    10,
    14,
    19,
    5,
    6,
    2,
    5,
    3,
    5,
    5,
    8,
    12
  ],
  "iteration": 94,
  "gate_count": {
    "x": 4,
    "h": 144,
    "s": 36,
    "sdg": 36,
    "rz": 20,
    "cx": 104,
    "two_qubit": 104,
    "total": 344
  }
}