{
  "energy": -2.1501794406552515,
  "error": -7.549516567451064e-15,
  "sequence": [
    7,
    1,
    8,
    18,
    6,
    10,
    2,
    11,
    4,
    6,
    5,
    11,
    17,
    3,
    11,
    7,
    18,
    8,
    1,
    4
  ],
  "iteration": 1,
  "gate_count": {
    "x": 4,
    "h": 148,
    "s": 30,
    "sdg": 30,
    "rz": 20,
    "cx": 108,
    "two_qubit": 108,
    "total": 340,
    "cudaq_estimate": {
      "x": 4,
      "sdg": 30,
      "h": 148,
      "cx": 108,
      "rz": 20,
      "s": 30,
      "total": 340,
      "two_qubit": 108
    }
  }
}