{
  "energy": -2.1886738017591587,
  "error": -6.661338147750939e-15,
  "sequence": [
    6,
    18,
    9,
    6,
    15,
    1,
    0,
    18,
    12,
    17,
    0,
    5,
    4,
    6,
    10,
    14,
    4,
    20,
    20,
    1
  ],
  "iteration": 41,
  "gate_count": {
    "x": 4,
    "h": 124,
    "s": 26,
    "sdg": 26,
    "rz": 18,
    "cx": 88,
    "two_qubit": 88,
    "total": 286,
    "cudaq_estimate": {
      "x": 4,
      "sdg": 26,
      "h": 124,
      "cx": 88,
      "rz": 18,
      "s": 26,
      "total": 286,
      "two_qubit": 88
    }
  }
}