{
  "energy": -2.195712227345008,
  "error": -3.9968028886505635e-15,
  "sequence": [
    4,
    6,
    4,
    2,
    1,
    12,
    1,
    12,
    8,
    3,
    10,
    5,
    3,
    8,
    17,
    20,
    17,
    3,
    7,
    17
  ],
  "iteration": 84,
  "gate_count": {
    "x": 4,
    "h": 148,
    "s": 38,
    "sdg": 38,
    "rz": 20,
    "cx": 108,
    "two_qubit": 108,
    "total": 356,
    "cudaq_estimate": {
      "x": 4,
      "sdg": 38,
      "h": 148,
      "cx": 108,
      "rz": 20,
      "s": 38,
      "total": 356,
      "two_qubit": 108
    }
  }
}